﻿제조사,모델,세부모델,제조사,모델,세부모델,세부모델,,,,,
,,,,,,,,,,,
현대,i30,i30 (PD),현대,i30,i30 (PD),i30 (PD),,T,,,
,,,,,,,,,,,
현대,i30,더 뉴 i30,현대,i30,더 뉴 i30,더 뉴 i30,,T,,,
,,,,,,,,,,,
현대,i30,i30(신형),현대,i30,i30(신형),i30(신형),,T,,,
,,,,,,,,,,,
현대,i30,i30 cw,현대,i30,i30 cw,i30 cw,,T,,,
,,,,,,,,,,,
현대,i30,i30,현대,i30,i30,i30,,T,,,
,,,,,,,,,,,
현대,i40,더 뉴 i40,현대,i40,더 뉴 i40,더 뉴 i40,,T,,,
,,,,,,,,,,,
현대,i40,더 뉴 i40 살룬,현대,i40,더 뉴 i40 살룬,더 뉴 i40 살룬,,T,,,
,,,,,,,,,,,
현대,i40,i40 살룬,현대,i40,i40 살룬,i40 살룬,,T,,,
,,,,,,,,,,,
현대,i40,i40,현대,i40,i40,i40,,T,,,
,,,,,,,,,,,
현대,갤로퍼,갤로퍼 2,현대,갤로퍼,갤로퍼 2,갤로퍼 2,,T,,,
,,,,,,,,,,,
현대,그랜저,더 뉴 그랜저,현대,그랜저,더 뉴 그랜저,더 뉴 그랜저 IG,,F,더 뉴 그랜저,,
,,,,,,,,,,,
현대,그랜저,더 뉴 그랜저 하이브리드,현대,그랜저,더 뉴 그랜저 하이브리드,더 뉴 그랜저 IG 하이브리드,,F,더 뉴 그랜저 하이브리드,,
,,,,,,,,,,,
현대,그랜저,그랜저 IG 하이브리드,현대,그랜저,그랜저 IG 하이브리드,그랜저 IG 하이브리드,,T,,,
,,,,,,,,,,,
현대,그랜저,그랜저 IG,현대,그랜저,그랜저 IG,그랜저 IG,,T,,,
,,,,,,,,,,,
현대,그랜저,그랜저 HG 하이브리드,현대,그랜저,그랜저 HG 하이브리드,그랜저 HG 하이브리드,,T,,,
,,,,,,,,,,,
현대,그랜저,그랜저 HG,현대,그랜저,그랜저 HG,그랜저 HG,,T,,,
,,,,,,,,,,,
현대,그랜저,더 럭셔리 그랜저,현대,그랜저,더 럭셔리 그랜저,더 럭셔리 그랜저,,T,,,
,,,,,,,,,,,
현대,그랜저,그랜저 뉴 럭셔리,현대,그랜저,그랜저 뉴 럭셔리,그랜저 뉴 럭셔리,,T,,,
,,,,,,,,,,,
현대,그랜저,그랜저 TG,현대,그랜저,그랜저 TG,그랜저 TG,,T,,,
,,,,,,,,,,,
현대,그랜저,뉴 그랜저 XG,현대,그랜저,뉴 그랜저 XG,뉴 그랜저 XG,,T,,,
,,,,,,,,,,,
현대,넥쏘,넥쏘,현대,넥쏘,넥쏘,넥쏘,,T,,,
,,,,,,,,,,,
현대,라비타,라비타,현대,라비타,라비타,라비타,,T,,,
,,,,,,,,,,,
현대,리베로,리베로,현대,리베로,리베로,리베로,,T,,,
,,,,,,,,,,,
현대,마이티,올 뉴 마이티,현대,마이티,올 뉴 마이티,올 뉴 마이티,,T,,,
,,,,,,,,,,,
현대,마이티,e-마이티,현대,마이티,e-마이티,e-마이티,,T,,,
,,,,,,,,,,,
현대,마이티,마이티2,현대,마이티,마이티2,마이티2,,T,,,
,,,,,,,,,,,
현대,맥스크루즈,더 뉴 맥스크루즈,현대,맥스크루즈,더 뉴 맥스크루즈,더 뉴 맥스크루즈,,T,,,
,,,,,,,,,,,
현대,맥스크루즈,맥스크루즈,현대,맥스크루즈,맥스크루즈,맥스크루즈,,T,,,
,,,,,,,,,,,
현대,메가트럭,메가트럭,현대,기타,트럭,트럭,,F,트럭,,
,,,,,,,,,,,
현대,베뉴,베뉴,현대,베뉴,베뉴,베뉴,,T,,,
,,,,,,,,,,,
현대,베라크루즈,베라크루즈,현대,베라크루즈,베라크루즈,베라크루즈,,T,,,
,,,,,,,,,,,
현대,베르나,베르나 트랜스폼,현대,베르나,베르나 트랜스폼,베르나 트랜스폼,,T,,,
,,,,,,,,,,,
현대,베르나,베르나(신형),현대,베르나,베르나(신형),베르나(신형),,T,,,
,,,,,,,,,,,
현대,베르나,New 베르나,현대,베르나,뉴 베르나,뉴 베르나,,F,,,
,,,,,,,,,,,
현대,베르나,베르나,현대,베르나,베르나,베르나,,T,,,
,,,,,,,,,,,
현대,벨로스터,벨로스터-N,현대,벨로스터,벨로스터 N,벨로스터 N,,F,,,
,,,,,,,,,,,
현대,벨로스터,벨로스터 (JS),현대,벨로스터,벨로스터 (JS),벨로스터 (JS),,T,,,
,,,,,,,,,,,
현대,벨로스터,더 뉴 벨로스터,현대,벨로스터,더 뉴 벨로스터,더 뉴 벨로스터,,T,,,
,,,,,,,,,,,
현대,벨로스터,벨로스터,현대,벨로스터,벨로스터,벨로스터,,T,,,
,,,,,,,,,,,
현대,스타렉스,더 뉴 그랜드 스타렉스,현대,스타렉스,더 뉴 그랜드 스타렉스,더 뉴 그랜드 스타렉스,,T,,,
,,,,,,,,,,,
현대,스타렉스,그랜드 스타렉스,현대,스타렉스,그랜드 스타렉스,그랜드 스타렉스,,T,,,
,,,,,,,,,,,
현대,스타렉스,스타렉스,현대,스타렉스,스타렉스,스타렉스,,T,,,
,,,,,,,,,,,
현대,스타렉스,스타렉스 점보,현대,스타렉스,스타렉스 점보,스타렉스 점보,,T,,,
,,,,,,,,,,,
현대,스타리아,스타리아,현대,스타리아,스타리아,스타리아,,T,,,
,,,,,,,,,,,
현대,싼타페,더 뉴 싼타페 하이브리드,현대,싼타페,더 뉴 싼타페 하이브리드,더 뉴 싼타페 하이브리드,,T,,,
,,,,,,,,,,,
현대,싼타페,더 뉴 싼타페,현대,싼타페,더 뉴 싼타페,더 뉴 싼타페,,T,,,
,,,,,,,,,,,
현대,싼타페,싼타페 TM,현대,싼타페,싼타페 TM,싼타페 TM,,T,,,
,,,,,,,,,,,
현대,싼타페,싼타페 더 프라임,현대,싼타페,싼타페 더 프라임,싼타페 더 프라임,,T,,,
,,,,,,,,,,,
현대,싼타페,싼타페 DM,현대,싼타페,싼타페 DM,싼타페 DM,,T,,,
,,,,,,,,,,,
현대,싼타페,싼타페 CM,현대,싼타페,싼타페 CM,싼타페 CM,,T,,,
,,,,,,,,,,,
현대,싼타페,싼타페,현대,싼타페,싼타페,싼타페,,T,,,
,,,,,,,,,,,보배드림
현대,쏘나타,쏘나타 DN8 하이브리드,현대,쏘나타,쏘나타 하이브리드 (DN8),쏘나타 하이브리드,,F,쏘나타 하이브리드 (DN8),,쏘나타 하이브리드 [DN8]
,,,,,,,,,,,
현대,쏘나타,쏘나타 DN8,현대,쏘나타,쏘나타 (DN8),쏘나타 (DN8),,F,,,쏘나타 [DN8]
,,,,,,,,,,,
현대,쏘나타,쏘나타 뉴 라이즈 플러그 인 하이브리드,현대,쏘나타,쏘나타 뉴 라이즈 하이브리드,쏘나타 뉴 라이즈 하이브리드,,F,쏘나타 뉴 라이즈 하이브리드,,
,,,,,,,,,,,
현대,쏘나타,쏘나타 뉴 라이즈 하이브리드,현대,쏘나타,쏘나타 뉴 라이즈 하이브리드,쏘나타 뉴 라이즈 하이브리드,,T,,,
,,,,,,,,,,,
현대,쏘나타,쏘나타 뉴 라이즈,현대,쏘나타,쏘나타 뉴 라이즈,쏘나타 뉴 라이즈,,T,,,
,,,,,,,,,,,
현대,쏘나타,LF 쏘나타 플러그 인 하이브리드,현대,쏘나타,LF 쏘나타 하이브리드,LF 쏘나타 하이브리드,,F,LF 쏘나타 하이브리드,,
,,,,,,,,,,,
현대,쏘나타,LF 쏘나타 하이브리드,현대,쏘나타,LF 쏘나타 하이브리드,LF 쏘나타 하이브리드,,T,,,
,,,,,,,,,,,
현대,쏘나타,LF 쏘나타,현대,쏘나타,LF 쏘나타,LF 쏘나타,,T,,,
,,,,,,,,,,,
현대,쏘나타,쏘나타 더 브릴리언트,현대,쏘나타,쏘나타 더 브릴리언트,쏘나타 더 브릴리언트,,T,,,
,,,,,,,,,,,
현대,쏘나타,쏘나타 하이브리드,현대,쏘나타,쏘나타 하이브리드,쏘나타 하이브리드,,T,,,
,,,,,,,,,,,
현대,쏘나타,YF 쏘나타,현대,쏘나타,YF 쏘나타,YF 쏘나타,,T,,,
,,,,,,,,,,,
현대,쏘나타,NF 쏘나타 트랜스폼,현대,쏘나타,NF 쏘나타 트랜스폼,NF 쏘나타 트랜스폼,,T,,,
,,,,,,,,,,,
현대,쏘나타,NF 쏘나타,현대,쏘나타,NF 쏘나타,NF 쏘나타,,T,,,
,,,,,,,,,,,
현대,쏘나타,뉴 EF 쏘나타,현대,쏘나타,뉴 EF 쏘나타,뉴 EF 쏘나타,,T,,,
,,,,,,,,,,,
현대,쏠라티,쏠라티,현대,쏠라티,쏠라티,쏠라티,,T,,,
,,,,,,,,,,,
현대,아반떼,아반떼 N,현대,아반떼,아반떼 N,아반떼 N,,T,,,
,,,,,,,,,,,
현대,아반떼,아반떼 (CN7),현대,아반떼,올 뉴 아반떼 (CN7),아반떼 (CN7),,수정,올 뉴 아반떼 (CN7),,
,,,,,,,,,,,
현대,아반떼,아반떼 하이브리드 (CN7),현대,아반떼,올 뉴 아반떼 하이브리드 (CN7),아반떼 하이브리드 (CN7),,수정,올 뉴 아반떼 하이브리드 (CN7),,
,,,,,,,,,,,
현대,아반떼,더 뉴 아반떼 AD,현대,아반떼,더 뉴 아반떼 AD,더 뉴 아반떼 AD,,T,,,
,,,,,,,,,,,
현대,아반떼,아반떼 AD,현대,아반떼,아반떼 AD,아반떼 AD,,T,,,
,,,,,,,,,,,
현대,아반떼,더 뉴 아반떼,현대,아반떼,더 뉴 아반떼,더 뉴 아반떼,,T,,,
,,,,,,,,,,,
현대,아반떼,아반떼 쿠페,현대,아반떼,아반떼 쿠페,아반떼 쿠페,,T,,,
,,,,,,,,,,,
현대,아반떼,아반떼 MD,현대,아반떼,아반떼 MD,아반떼 MD,,T,,,
,,,,,,,,,,,
현대,아반떼,아반떼 하이브리드,현대,아반떼,아반떼 하이브리드,아반떼 하이브리드,,T,,,
,,,,,,,,,,,
현대,아반떼,아반떼 HD,현대,아반떼,아반떼 HD,아반떼 HD,,T,,,
,,,,,,,,,,,
현대,아반떼,뉴 아반떼 XD,현대,아반떼,뉴 아반떼 XD,뉴 아반떼 XD,,T,,,
,,,,,,,,,,,
현대,아반떼,아반떼 XD,현대,아반떼,아반떼 XD,아반떼 XD,,T,,,
,,,,,,,,,,,
현대,아슬란,아슬란,현대,아슬란,아슬란,아슬란,,T,,,
,,,,,,,,,,,
현대,아이오닉,아이오닉 5,현대,아이오닉,아이오닉5,아이오닉5,,T,,,
,,,,,,,,,,,
현대,아이오닉,더 뉴 아이오닉 일렉트릭,현대,아이오닉,더 뉴 아이오닉 일렉트릭,더 뉴 아이오닉 일렉트릭,,T,,,
,,,,,,,,,,,
현대,아이오닉,더 뉴 아이오닉 플러그인 하이브리드,현대,아이오닉,더 뉴 아이오닉 하이브리드,더 뉴 아이오닉 하이브리드,,F,,,
,,,,,,,,,,,
현대,아이오닉,더 뉴 아이오닉 하이브리드,현대,아이오닉,더 뉴 아이오닉 하이브리드,더 뉴 아이오닉 하이브리드,,T,,,
,,,,,,,,,,,
현대,아이오닉,아이오닉 플러그인 하이브리드,현대,아이오닉,아이오닉 하이브리드,아이오닉 하이브리드,,F,,,
,,,,,,,,,,,
현대,아이오닉,아이오닉 일렉트릭,현대,아이오닉,아이오닉 일렉트릭,아이오닉 일렉트릭,,T,,,
,,,,,,,,,,,
현대,아이오닉,아이오닉 하이브리드,현대,아이오닉,아이오닉 하이브리드,아이오닉 하이브리드,,T,,,
,,,,,,,,,,,
현대,에어로버스,e-에어로타운,현대,에어로,e-에어로타운,e-에어로타운,,T,,,
,,,,,,,,,,,
현대,에어로버스,슈퍼에어로시티,현대,에어로,슈퍼에어로시티,슈퍼에어로시티,,T,,,
,,,,,,,,,,,
현대,에어로버스,에어로스페이스,현대,에어로,에어로스페이스,에어로스페이스,,T,,,
,,,,,,,,,,,
현대,에어로버스,에어로타운,현대,에어로,에어로타운,에어로타운,,T,,,
,,,,,,,,,,,
현대,에어로버스,에어로시티,현대,에어로,에어로시티,에어로시티,,T,,,
,,,,,,,,,,,
현대,에어로버스,에어로버스,현대,에어로,에어로버스,에어로버스,,T,,,
,,,,,,,,,,,
현대,에쿠스,에쿠스(신형),현대,에쿠스,에쿠스(신형),엑센트(신형),,F,에쿠스(신형),,
,,,,,,,,,,,
현대,에쿠스,에쿠스,현대,에쿠스,에쿠스,에쿠스,,T,,,
,,,,,,,,,,,
현대,엑센트,엑센트(신형),현대,엑센트,엑센트(신형),엑센트(신형),,T,,,
,,,,,,,,,,,
현대,유니버스,유니버스,현대,유니버스,유니버스,유니버스,,T,,,
,,,,,,,,,,,
현대,제네시스,제네시스 DH,현대,제네시스,제네시스 DH,제네시스 DH,,T,,,
,,,,,,,,,,,
현대,제네시스,더 뉴 제네시스 쿠페,현대,제네시스,더 뉴 제네시스 쿠페,더 뉴 제네시스 쿠페,,T,,,
,,,,,,,,,,,
현대,제네시스,제네시스 쿠페,현대,제네시스,제네시스 쿠페,제네시스 쿠페,,T,,,
,,,,,,,,,,,
현대,제네시스,제네시스,현대,제네시스,제네시스,제네시스,,T,,,
,,,,,,,,,,,
현대,카운티,카운티 일렉트릭,현대,카운티,카운티 EV,코나 일렉트릭,,F,카운티 EV,,
,,,,,,,,,,,
현대,카운티,뉴 카운티,현대,카운티,뉴 카운티,뉴 카운티,,T,,,
,,,,,,,,,,,
현대,카운티,e-카운티,현대,카운티,e-카운티,e-카운티,,T,,,
,,,,,,,,,,,
현대,카운티,카운티,현대,카운티,카운티,카운티,,T,,,
,,,,,,,,,,,
현대,캐스퍼,캐스퍼,현대,캐스퍼,캐스퍼,캐스퍼,,T,,,
,,,,,,,,,,,
현대,코나,코나 N,현대,코나,코나 N,코나 N,,T,,,
,,,,,,,,,,,
현대,코나,더 뉴 코나,현대,코나,더 뉴 코나,더 뉴 코나,,T,,,
,,,,,,,,,,,
현대,코나,더 뉴 코나 하이브리드,현대,코나,더 뉴 코나 하이브리드,더 뉴 코나 하이브리드,,T,,,
,,,,,,,,,,,
현대,코나,코나 하이브리드,현대,코나,코나 하이브리드,코나 하이브리드,,T,,,
,,,,,,,,,,,
현대,코나,코나 일렉트릭,현대,코나,코나 일렉트릭,코나 일렉트릭,,T,,,
,,,,,,,,,,,
현대,코나,코나,현대,코나,코나,코나,,T,,,
,,,,,,,,,,,
현대,클릭,뉴 클릭,현대,클릭,뉴 클릭,뉴 클릭,,T,,,
,,,,,,,,,,,
현대,클릭,클릭,현대,클릭,클릭,클릭,,T,,,
,,,,,,,,,,,
현대,테라칸,테라칸,현대,테라칸,테라칸,테라칸,,T,,,
,,,,,,,,,,,
현대,투스카니,투스카니(신형),현대,투스카니,투스카니(신형),투스카니(신형),,T,,,
,,,,,,,,,,,
현대,투스카니,투스카니,현대,투스카니,투스카니,투스카니,,T,,,
,,,,,,,,,,,
현대,투싼,투싼 (4세대),현대,투싼,디 올 뉴 투싼 (NX4),투싼 ix,,F,디 올 뉴 투싼 (NX4),,
,,,,,,,,,,,
현대,투싼,투싼 하이브리드 (4세대),현대,투싼,디 올 뉴 투싼 하이브리드 (NX4),K5 하이브리드 3세대,,F,디 올 뉴 투싼 하이브리드 (NX4),,
,,,,,,,,,,,
현대,투싼,올 뉴 투싼 TL,현대,투싼,올 뉴 투싼 TL,올 뉴 투싼,,F,올 뉴 투싼 TL,새로 추가,
,,,,,,,,,,,
현대,투싼,올 뉴 투싼,현대,투싼,올 뉴 투싼,올 뉴 투싼,,T,,,
,,,,,,,,,,,
현대,투싼,뉴 투싼 ix,현대,투싼,뉴 투싼 ix,뉴 투싼 ix,,T,,,
,,,,,,,,,,,
현대,투싼,투싼 ix,현대,투싼,투싼 ix,투싼 ix,,T,,,
,,,,,,,,,,,
현대,투싼,투싼,현대,투싼,투싼,투싼,,T,,,
,,,,,,,,,,,
현대,트라제 XG,트라제 XG,현대,트라제 XG,트라제 XG,트라제 XG,,T,,,
,,,,,,,,,,,
현대,팰리세이드,팰리세이드,현대,팰리세이드,팰리세이드,팰리세이드,,T,,,
,,,,,,,,,,,
현대,포레스트,포레스트,현대,포레스트,포레스트,프레스토,,F,포레스트,새로 추가,
,,,,,,,,,,,
현대,포터,포터2 일렉트릭,현대,포터,포터2 일렉트릭,포터2 일렉트릭,,T,,,
,,,,,,,,,,,
현대,포터,포터2 CRDi 특장,현대,포터,포터2,포터2 일렉트릭,,F,포터2,,
,,,,,,,,,,,
현대,포터,포터2 CRDi 카고,현대,포터,포터2,스타리아 카고,,F,포터2,,
,,,,,,,,,,,
현대,포터,포터2 터보인터쿨러 카고,현대,포터,포터2,포터2 일렉트릭,,F,포터2,,
,,,,,,,,,,,
현대,포터,뉴포터,현대,포터,뉴 포터,뉴 포터,,T,,,
,,,,,,,,,,,
제네시스,EQ900,EQ900,제네시스,EQ900,EQ900,EQ900,,T,,,
,,,,,,,,,,,
제네시스,G70,더 뉴 G70,제네시스,G70,더 뉴 G70,더 뉴 G70,,T,,,
,,,,,,,,,,,
제네시스,G70,G70,제네시스,G70,G70,G70,,T,,,
,,,,,,,,,,,
제네시스,G80,G80 (RG3) 일렉트리파이드,제네시스,G80,일렉트리파이드 G80 (RG3),G80 (RG3),,F,일렉트리파이드 G80 (RG3),,
,,,,,,,,,,,
제네시스,G80,G80 (RG3),제네시스,G80,G80 (RG3),G80 (RG3),,T,,,
,,,,,,,,,,,
제네시스,G80,G80,제네시스,G80,G80,G80,,T,,,
,,,,,,,,,,,
제네시스,G90,G90 (RS4),제네시스,G90,G90 (RS4),G90 (RS4),,T,,,
,,,,,,,,,,,
제네시스,G90,G90,제네시스,G90,G90,G90,,T,,,
,,,,,,,,,,,
제네시스,GV60,GV60,제네시스,GV60,GV60,GV60,,T,,,
,,,,,,,,,,,
제네시스,GV70,GV70,제네시스,GV70,GV70,GV70,,T,,,
,,,,,,,,,,,
제네시스,GV80,GV80,제네시스,GV80,GV80,GV80,,T,,,
,,,,,,,,,,,
기아,EV6,EV6,기아,EV6,EV6,EV6,,T,,,
,,,,,,,,,,,
기아,K3,더 뉴 K3 2세대,기아,K3,더 뉴 K3 2세대,더 뉴 K3 2세대,,T,,,
,,,,,,,,,,,
기아,K3,더 뉴 K3 GT 2세대,기아,K3,더 뉴 K3 GT 2세대,더 뉴 K3 GT 2세대,,T,,,
,,,,,,,,,,,
기아,K3,올 뉴 K3,기아,K3,올 뉴 K3,올 뉴 K3,,T,,더뉴K3,21~
,,,,,,,,,,더뉴K3_GT,21~
기아,K3,K3 GT,기아,K3,올 뉴 K3 GT,K3 쿱,,F,올 뉴 K3 GT,올뉴K3,18~
,,,,,,,,,,올뉴K3_GT,18~
기아,K3,더 뉴 K3 유로,기아,K3,더 뉴 K3 유로,더 뉴 K3 유로,,T,,K3,12~15
,,,,,,,,,,,
기아,K3,더 뉴 K3 쿱,기아,K3,더 뉴 K3 쿱,더 뉴 K3 쿱,,T,,,
,,,,,,,,,,,
기아,K3,더 뉴 K3,기아,K3,더 뉴 K3,더 뉴 K3,,T,,,
,,,,,,,,,,,
기아,K3,K3 유로,기아,K3,K3 유로,K3 유로,,T,,,
,,,,,,,,,,,
기아,K3,K3 쿱,기아,K3,K3 쿱,K3 쿱,,T,,,
,,,,,,,,,,,
기아,K3,K3,기아,K3,K3,K3,,T,,,
,,,,,,,,,,,
기아,K5,K5 3세대,기아,K5,K5 3세대,K5 3세대,,T,,,
,,,,,,,,,,,
기아,K5,K5 3세대 하이브리드,기아,K5,K5 하이브리드 3세대,K5 하이브리드,,F,K5 하이브리드 3세대,,
,,,,,,,,,,,
기아,K5,더 뉴 K5 하이브리드 2세대,기아,K5,더 뉴 K5 하이브리드 2세대,더 뉴 K5 하이브리드 2세대,,T,,,
,,,,,,,,,,,
기아,K5,더 뉴 K5 2세대,기아,K5,더 뉴 K5 2세대,더 뉴 K5 2세대,,T,,,
,,,,,,,,,,,
기아,K5,K5 하이브리드 2세대,기아,K5,K5 하이브리드 2세대,K5 하이브리드 2세대,,T,,,
,,,,,,,,,,,
기아,K5,K5 2세대,기아,K5,K5 2세대,K5 2세대,,T,,,
,,,,,,,,,,,
기아,K5,더 뉴 K5,기아,K5,더 뉴 K5,더 뉴 K5,,T,,,
,,,,,,,,,,,
기아,K5,K5 하이브리드,기아,K5,K5 하이브리드,K5 하이브리드,,T,,,
,,,,,,,,,,,
기아,K5,K5,기아,K5,K5,K5,,T,,,
,,,,,,,,,,,
기아,K7,K7 프리미어,기아,K7,K7 프리미어,K7 프리미어,,T,,,
,,,,,,,,,,,
기아,K7,K7 프리미어 하이브리드,기아,K7,K7 프리미어 하이브리드,K7 프리미어 하이브리드,,T,,,
,,,,,,,,,,,
기아,K7,올 뉴 K7 하이브리드,기아,K7,올 뉴 K7 하이브리드,올 뉴 K7 하이브리드,,T,,,
,,,,,,,,,,,
기아,K7,올 뉴 K7,기아,K7,올 뉴 K7,올 뉴 K7,,T,,,
,,,,,,,,,,,
기아,K7,K7 하이브리드,기아,K7,K7 하이브리드,K7 하이브리드,,T,,,
,,,,,,,,,,,
기아,K7,더 뉴 K7,기아,K7,더 뉴 K7,더 뉴 K7,,T,,,
,,,,,,,,,,,
기아,K7,더 프레스티지 K7,기아,K7,더 프레스티지 K7,더 프레스티지 K7,,T,,,
,,,,,,,,,,,
기아,K7,K7,기아,K7,K7,K7,,T,,,
,,,,,,,,,,,
기아,K8,K8 하이브리드,기아,K8,K8 하이브리드,K8 하이브리드,,T,,,
,,,,,,,,,,,
기아,K8,K8,기아,K8,K8,K8,,T,,,
,,,,,,,,,,,
기아,K9,더 뉴 K9 2세대,기아,K9,더 뉴 K9 2세대,더 뉴 K9 2세대,,T,,,
,,,,,,,,,,,
기아,K9,더 K9,기아,K9,더 K9,더 K9,,T,,,
,,,,,,,,,,,
기아,K9,더 뉴 K9,기아,K9,더 뉴 K9,더 뉴 K9,,T,,,
,,,,,,,,,,,
기아,K9,K9,기아,K9,K9,K9,,T,,,
,,,,,,,,,,,
기아,X-TREK,X-TREK,기아,X-TREK,X-TREK,X-TREK,,T,,,
,,,,,,,,,,,
기아,그랜버드,그랜버드,기아,그랜버드,그랜버드,그랜저,,F,그랜버드,,
,,,,,,,,,,,
기아,니로,더 뉴 니로,기아,니로,더 뉴 니로,더 뉴 니로,,T,,,
,,,,,,,,,,,
기아,니로,더 뉴 니로 플러그인 하이브리브,기아,니로,더 뉴 니로,더 뉴 그랜저 IG 하이브리드,,F,더 뉴 니로,,
,,,,,,,,,,,
기아,니로,니로 EV,기아,니로,니로 EV,니로 EV,,T,,,
,,,,,,,,,,,
기아,니로,니로 플러그인 하이브리드,기아,니로,니로,더 뉴 코나 하이브리드,,F,니로,,
,,,,,,,,,,,
기아,니로,니로,기아,니로,니로,니로,,T,,,
,,,,,,,,,,,
기아,레이,더 뉴 레이,기아,레이,더 뉴 레이,더 뉴 레이,,T,,,
,,,,,,,,,,,
기아,레이,레이 EV,기아,레이,레이,레이,,F,레이,추가,
,,,,,,,,,,,
기아,레이,레이,기아,레이,레이,레이,,T,,,
,,,,,,,,,,,
기아,로체,로체 이노베이션,기아,로체,로체 이노베이션,로체 이노베이션,,T,,,
,,,,,,,,,,,
기아,로체,로체 어드밴스,기아,로체,로체 어드밴스,로체 어드밴스,,T,,,
,,,,,,,,,,,
기아,로체,로체,기아,로체,로체,로체,,T,,,
,,,,,,,,,,,
기아,모닝,모닝 어반,기아,모닝,모닝 어반,모닝 어반,,T,,,
,,,,,,,,,,,
기아,모닝,올 뉴 모닝 (JA),기아,모닝,올 뉴 모닝 (JA),올 뉴 모닝 (JA),,T,,,
,,,,,,,,,,,
기아,모닝,더 뉴 모닝,기아,모닝,더 뉴 모닝,더 뉴 모닝,,T,,,
,,,,,,,,,,,
기아,모닝,올 뉴 모닝,기아,모닝,올 뉴 모닝,올 뉴 모닝,,T,,,
,,,,,,,,,,,
기아,모닝,뉴모닝,기아,모닝,뉴모닝,뉴모닝,,T,,,
,,,,,,,,,,,
기아,모닝,모닝,기아,모닝,모닝,모닝,,T,,,
,,,,,,,,,,,
기아,모하비,모하비 더 마스터,기아,모하비,모하비 더 마스터,모하비 더 마스터,,T,,,
,,,,,,,,,,,
기아,모하비,더 뉴 모하비,기아,모하비,더 뉴 모하비,더 뉴 모하비,,T,,,
,,,,,,,,,,,
기아,모하비,모하비,기아,모하비,모하비,모하비,,T,,,
,,,,,,,,,,,
기아,봉고III,봉고III 미니버스,기아,봉고3 미니버스,봉고3 미니버스,봉고3 미니버스,,F,,,
,,,,,,,,,,,
기아,봉고III,봉고III 트럭,기아,봉고,봉고3,봉고프론티어,,F,봉고3,,
,,,,,,,,,,,
기아,봉고III,봉고프론티어,기아,봉고,봉고프론티어,봉고프론티어,,T,,,
,,,,,,,,,,,
기아,봉고III 트럭,더 뉴 봉고III 트럭 CRDi 카고,기아,봉고,더 뉴 봉고3,더 뉴 봉고3 EV,,F,더 뉴 봉고3,,
,,,,,,,,,,,
기아,봉고III 트럭,더 뉴 봉고III 트럭 EV,기아,봉고,더 뉴 봉고3,더 뉴 봉고3 EV,,F,,,
,,,,,,,,,,,
기아,봉고III 트럭,더 뉴 봉고III 트럭 LPi 카고,기아,봉고,더 뉴 봉고3,더 뉴 봉고3 EV,,F,더 뉴 봉고3,,
,,,,,,,,,,,
기아,봉고III 트럭,더 뉴 봉고III 트럭 LPi 특장,기아,봉고,더 뉴 봉고3,더 뉴 봉고3 EV,,F,더 뉴 봉고3,,
,,,,,,,,,,,
기아,봉고III 트럭,더 뉴 봉고III 트럭 특장,기아,봉고,더 뉴 봉고3,더 뉴 봉고3 EV,,F,더 뉴 봉고3,,
,,,,,,,,,,,
기아,봉고III 트럭,봉고III 트럭 LPi 카고,기아,봉고,봉고3,스타리아 카고,,F,봉고3,,
,,,,,,,,,,,
기아,봉고III 트럭,봉고III 트럭 CRDi 카고,기아,봉고,봉고3,스타리아 카고,,F,봉고3,,
,,,,,,,,,,,
기아,봉고III 트럭,봉고III 트럭 터보인터쿨러(Tci) 카고,기아,봉고,봉고3,벨로스터 (JS),,F,봉고3,,
,,,,,,,,,,,
기아,봉고III 트럭,봉고III 트럭 특장,기아,봉고,봉고3,봉고프론티어,,F,봉고3,,
,,,,,,,,,,,
기아,비스토,비스토,기아,비스토,비스토,비스토,,T,,,
,,,,,,,,,,,
기아,셀토스,셀토스,기아,셀토스,셀토스,셀토스,,T,,,
,,,,,,,,,,,
기아,스토닉,스토닉,기아,스토닉,스토닉,스토닉,,T,,,
,,,,,,,,,,,
기아,스팅어,스팅어 마이스터,기아,스팅어,스팅어 마이스터,스팅어 마이스터,,T,,,
,,,,,,,,,,,
기아,스팅어,스팅어,기아,스팅어,스팅어,스팅어,,T,,,
,,,,,,,,,,,
기아,스펙트라,스펙트라,기아,스펙트라,스펙트라,스펙트라,,T,,,
,,,,,,,,,,,
기아,스포티지,디 올 뉴 스포티지,기아,스포티지,디 올 뉴 스포티지,디 올 뉴 스포티지,,T,,,
,,,,,,,,,,,
기아,스포티지,디 올 뉴 스포티지 하이브리드,기아,스포티지,디 올 뉴 스포티지 하이브리드,디 올 뉴 스포티지 하이브리드,,T,,,
,,,,,,,,,,,
기아,스포티지,스포티지 더 볼드,기아,스포티지,스포티지 더 볼드,스포티지 더 볼드,,T,,,
,,,,,,,,,,,
기아,스포티지,스포티지 4세대,기아,스포티지,스포티지 4세대,스포티지 4세대,,T,,,
,,,,,,,,,,,
기아,스포티지,더 뉴 스포티지 R,기아,스포티지,더 뉴 스포티지 R,더 뉴 스포티지 R,,T,,,
,,,,,,,,,,,
기아,스포티지,스포티지 R,기아,스포티지,스포티지 R,스포티지 R,,T,,,
,,,,,,,,,,,
기아,스포티지,New 스포티지,기아,스포티지,뉴 스포티지,뉴 스포티지,,F,,,
,,,,,,,,,,,
기아,쎄라토,뉴쎄라토,기아,쎄라토,뉴쎄라토,뉴쎄라토,,T,,,
,,,,,,,,,,,
기아,쎄라토,쎄라토,기아,쎄라토,쎄라토,쎄라토,,T,,,
,,,,,,,,,,,
기아,쏘렌토,쏘렌토 4세대,기아,쏘렌토,쏘렌토 4세대,쏘렌토 4세대,,T,,,
,,,,,,,,,,,
기아,쏘렌토,쏘렌토 4세대 하이브리드,기아,쏘렌토,쏘렌토 4세대 하이브리드,쏘렌토 4세대 하이브리드,,T,,,
,,,,,,,,,,,
기아,쏘렌토,더 뉴 쏘렌토,기아,쏘렌토,더 뉴 쏘렌토,더 뉴 쏘렌토,,T,,,
,,,,,,,,,,,
기아,쏘렌토,올 뉴 쏘렌토,기아,쏘렌토,올 뉴 쏘렌토,올 뉴 쏘렌토,,T,,,
,,,,,,,,,,,
기아,쏘렌토,뉴 쏘렌토 R,기아,쏘렌토,뉴 쏘렌토 R,뉴 쏘렌토 R,,T,,,
,,,,,,,,,,,
기아,쏘렌토,쏘렌토 R,기아,쏘렌토,쏘렌토 R,쏘렌토 R,,T,,,
,,,,,,,,,,,
기아,쏘렌토,뉴쏘렌토,기아,쏘렌토,뉴쏘렌토,뉴쏘렌토,,T,,,
,,,,,,,,,,,
기아,쏘렌토,쏘렌토,기아,쏘렌토,쏘렌토,쏘렌토,,T,,,
,,,,,,,,,,,
기아,쏘울,쏘울 부스터,기아,쏘울,쏘울 부스터,쏘울 부스터,,T,,,
,,,,,,,,,,,
기아,쏘울,쏘울 부스터 EV,기아,쏘울,쏘울 부스터 EV,쏘울 부스터 EV,,T,,,
,,,,,,,,,,,
기아,쏘울,더 뉴 쏘울,기아,쏘울,더 뉴 쏘울,더 뉴 쏘울,,T,,,
,,,,,,,,,,,
기아,쏘울,쏘울 EV,기아,쏘울,쏘울 EV,쏘울 EV,,T,,,
,,,,,,,,,,,
기아,쏘울,올 뉴 쏘울,기아,쏘울,올 뉴 쏘울,올 뉴 쏘울,,T,,,
,,,,,,,,,,,
기아,쏘울,쏘울,기아,쏘울,쏘울,쏘울,,T,,,
,,,,,,,,,,,
기아,오피러스,오피러스 프리미엄,기아,오피러스,오피러스 프리미엄,오피러스 프리미엄,,T,,,
,,,,,,,,,,,
기아,오피러스,뉴오피러스,기아,오피러스,뉴오피러스,뉴오피러스,,T,,,
,,,,,,,,,,,
기아,오피러스,오피러스,기아,오피러스,오피러스,오피러스,,T,,,
,,,,,,,,,,,
기아,카니발,카니발 (4세대),기아,카니발,카니발 4세대,카니발 4세대,,F,,,
,,,,,,,,,,,
기아,카니발,더 뉴 카니발,기아,카니발,더 뉴 카니발,더 뉴 카니발,,T,,,
,,,,,,,,,,,
기아,카니발,올 뉴 카니발,기아,카니발,올 뉴 카니발,올 뉴 카니발,,T,,,
,,,,,,,,,,,
기아,카니발,카니발 R,기아,카니발,카니발 R,카니발 R,,T,,,
,,,,,,,,,,,
기아,카니발,뉴카니발,기아,카니발,뉴카니발,뉴카니발,,T,,,
,,,,,,,,,,,
기아,카니발,그랜드 카니발,기아,카니발,그랜드 카니발,그랜드 카니발,,T,,,
,,,,,,,,,,,
기아,카니발,카니발 II,기아,카니발,카니발2,카니발2,,T,,,
,,,,,,,,,,,
기아,카렌스,더 뉴 카렌스,기아,카렌스,더 뉴 카렌스,더 뉴 카렌스,,T,,,
,,,,,,,,,,,
기아,카렌스,올 뉴 카렌스,기아,카렌스,올 뉴 카렌스,올 뉴 카렌스,,T,,,
,,,,,,,,,,,
기아,카렌스,뉴카렌스,기아,카렌스,뉴카렌스,뉴카렌스,,T,,,
,,,,,,,,,,,
기아,카렌스,카렌스 II,기아,카렌스,카렌스2,카렌스2,,F,,,
,,,,,,,,,,,
기아,포르테,포르테 해치백,기아,포르테,포르테 해치백,포르테 해치백,,T,,,
,,,,,,,,,,,
기아,포르테,포르테 쿱,기아,포르테,포르테 쿱,포르테 쿱,,T,,,
,,,,,,,,,,,
기아,포르테,포르테,기아,포르테,포르테,포르테,,T,,,
,,,,,,,,,,,
기아,프라이드,더 뉴 프라이드,기아,프라이드,더 뉴 프라이드,더 뉴 프라이드,,T,,,
,,,,,,,,,,,
기아,프라이드,올 뉴 프라이드,기아,프라이드,올 뉴 프라이드,올 뉴 프라이드,,T,,,
,,,,,,,,,,,
기아,프라이드,프라이드(신형),기아,프라이드,프라이드(신형),프라이드(신형),,T,,,
,,,,,,,,,,,
기아,프레지오,프레지오,기아,프레지오,프레지오,프레지오,,T,,,
,,,,,,,,,,,
쉐보레(GM대우),G2X,G2X,쉐보레(GM대우),G2X,G2X,G2X,,T,,,
,,,,,,,,,,,
쉐보레(GM대우),다마스,뉴 다마스,쉐보레(GM대우),다마스,뉴 다마스,뉴 다마스,,T,,,
,,,,,,,,,,,
쉐보레(GM대우),다마스,다마스 II,쉐보레(GM대우),다마스,다마스2,다마스2,,F,,,
,,,,,,,,,,,
쉐보레(GM대우),라보,뉴 라보,쉐보레(GM대우),라보,뉴 라보,뉴 라보,,T,,,
,,,,,,,,,,,
쉐보레(GM대우),라세티,라세티 프리미어,쉐보레(GM대우),라세티,라세티 프리미어,라세티 프리미어,,T,,,
,,,,,,,,,,,
쉐보레(GM대우),라세티,라세티,쉐보레(GM대우),라세티,라세티,라세티,,T,,,
,,,,,,,,,,,
쉐보레(GM대우),마티즈,마티즈 크리에이티브,쉐보레(GM대우),마티즈,마티즈 크리에이티브,마티즈 크리에이티브,,T,,,
,,,,,,,,,,,
쉐보레(GM대우),마티즈,마티즈 클래식,쉐보레(GM대우),마티즈,마티즈 클래식,마티즈 클래식,,T,,,
,,,,,,,,,,,
쉐보레(GM대우),마티즈,All New 마티즈,쉐보레(GM대우),마티즈,All New 마티즈,All New 마티즈,,T,,,
,,,,,,,,,,,
쉐보레(GM대우),마티즈,마티즈 II,쉐보레(GM대우),마티즈,마티즈2,마티즈2,,F,,,
,,,,,,,,,,,
쉐보레(GM대우),말리부,더 뉴 말리부,쉐보레(GM대우),말리부,더 뉴 말리부,더 뉴 말리부,,T,,,
,,,,,,,,,,,
쉐보레(GM대우),말리부,올 뉴 말리부,쉐보레(GM대우),말리부,올 뉴 말리부,올 뉴 말리부,,T,,,
,,,,,,,,,,,
쉐보레(GM대우),말리부,말리부,쉐보레(GM대우),말리부,말리부,말리부,,T,,,
,,,,,,,,,,,
쉐보레(GM대우),베리타스,베리타스,쉐보레(GM대우),베리타스,베리타스,베리타스,,T,,,
,,,,,,,,,,,
쉐보레(GM대우),볼트 EUV,볼트 EUV,쉐보레(GM대우),볼트 EUV,볼트 EUV,볼트 EUV,,T,,,
,,,,,,,,,,,
쉐보레(GM대우),볼트 EV,뉴 볼트 EV,쉐보레(GM대우),볼트 EV,뉴 볼트 EV,뉴 볼트 EV,,T,,,
,,,,,,,,,,,
쉐보레(GM대우),볼트 EV,볼트 EV,쉐보레(GM대우),볼트 EV,볼트 EV,볼트 EV,,T,,,
,,,,,,,,,,,
쉐보레(GM대우),볼트(Volt),볼트(Volt),쉐보레(GM대우),볼트(Volt),볼트(Volt),볼트(Volt),,T,,,
,,,,,,,,,,,
쉐보레(GM대우),스테이츠맨,스테이츠맨,쉐보레(GM대우),스테이츠맨,스테이츠맨,스테이츠맨,,T,,,
,,,,,,,,,,,
쉐보레(GM대우),스파크,더 뉴 스파크,쉐보레(GM대우),스파크,더 뉴 스파크,더 뉴 스파크,,T,,,
,,,,,,,,,,,
쉐보레(GM대우),스파크,더 넥스트 스파크,쉐보레(GM대우),스파크,더 넥스트 스파크,더 넥스트 스파크,,T,,,
,,,,,,,,,,,
쉐보레(GM대우),스파크,스파크 EV,쉐보레(GM대우),스파크,스파크 EV,스파크 EV,,T,,,
,,,,,,,,,,,
쉐보레(GM대우),스파크,스파크,쉐보레(GM대우),스파크,스파크,스파크,,T,,,
,,,,,,,,,,,
쉐보레(GM대우),아베오,더 뉴 아베오 세단,쉐보레(GM대우),아베오,더 뉴 아베오,더 뉴 아베오,,F,,,
,,,,,,,,,,,
쉐보레(GM대우),아베오,더 뉴 아베오 해치백,쉐보레(GM대우),아베오,더 뉴 아베오,더 뉴 아베오,,F,,,
,,,,,,,,,,,
쉐보레(GM대우),아베오,아베오 세단,쉐보레(GM대우),아베오,아베오,아베오,,F,,,
,,,,,,,,,,,
쉐보레(GM대우),아베오,아베오 해치백,쉐보레(GM대우),아베오,아베오,포르테 해치백,,F,아베오,,
,,,,,,,,,,,
쉐보레(GM대우),알페온,알페온,쉐보레(GM대우),알페온,알페온,알페온,,T,,,
,,,,,,,,,,,
쉐보레(GM대우),올란도,올란도,쉐보레(GM대우),올란도,올란도,올란도,,T,,,
,,,,,,,,,,,
쉐보레(GM대우),윈스톰,윈스톰 맥스,쉐보레(GM대우),윈스톰,윈스톰 맥스,윈스톰 맥스,,T,,,
,,,,,,,,,,,
쉐보레(GM대우),윈스톰,윈스톰,쉐보레(GM대우),윈스톰,윈스톰,윈스톰,,T,,,
,,,,,,,,,,,
쉐보레(GM대우),이쿼녹스,이쿼녹스,쉐보레(GM대우),이쿼녹스,이쿼녹스,이쿼녹스,,T,,,
,,,,,,,,,,,
쉐보레(GM대우),임팔라,임팔라,쉐보레(GM대우),임팔라,임팔라,임팔라,,T,,,
,,,,,,,,,,,
쉐보레(GM대우),젠트라,젠트라 X,쉐보레(GM대우),젠트라,젠트라 X,젠트라 X,,T,,,
,,,,,,,,,,,
쉐보레(GM대우),젠트라,젠트라,쉐보레(GM대우),젠트라,젠트라,젠트라,,T,,,
,,,,,,,,,,,
쉐보레(GM대우),카마로,더 뉴 카마로,쉐보레(GM대우),카마로,더 뉴 카마로,더 뉴 카마로,,T,,,
,,,,,,,,,,,
쉐보레(GM대우),카마로,올 뉴 카마로,쉐보레(GM대우),카마로,올 뉴 카마로,올 뉴 카마로,,T,,,
,,,,,,,,,,,
쉐보레(GM대우),카마로,카마로,쉐보레(GM대우),카마로,카마로,카마로,,T,,,
,,,,,,,,,,,
쉐보레(GM대우),캡티바,캡티바,쉐보레(GM대우),캡티바,캡티바,캡티바,,T,,,
,,,,,,,,,,,
쉐보레(GM대우),콜로라도,리얼 뉴 콜로라도,쉐보레(GM대우),콜로라도,리얼 뉴 콜로라도,리얼 뉴 콜로라도,,T,,,
,,,,,,,,,,,
쉐보레(GM대우),콜로라도,콜로라도,쉐보레(GM대우),콜로라도,콜로라도,콜로라도,,T,,,
,,,,,,,,,,,
쉐보레(GM대우),콜벳,콜벳,쉐보레(GM대우),콜벳,콜벳,콜벳,,T,,,
,,,,,,,,,,,
쉐보레(GM대우),크루즈,올 뉴 크루즈,쉐보레(GM대우),크루즈,올 뉴 크루즈,올 뉴 크루즈,,T,,,
,,,,,,,,,,,
쉐보레(GM대우),크루즈,어메이징 뉴 크루즈,쉐보레(GM대우),크루즈,어메이징 뉴 크루즈,어메이징 뉴 크루즈,,T,,,
,,,,,,,,,,,
쉐보레(GM대우),크루즈,어메이징 뉴 크루즈 5,쉐보레(GM대우),크루즈,어메이징 뉴 크루즈5,어메이징 뉴 크루즈5,,T,,,
,,,,,,,,,,,
쉐보레(GM대우),크루즈,크루즈5,쉐보레(GM대우),크루즈,크루즈5,크루즈5,,T,,,
,,,,,,,,,,,
쉐보레(GM대우),크루즈,크루즈,쉐보레(GM대우),크루즈,크루즈,크루즈,,T,,,
,,,,,,,,,,,
쉐보레(GM대우),토스카,토스카 프리미엄6,쉐보레(GM대우),토스카,토스카 프리미엄6,토스카 프리미엄6,,T,,,
,,,,,,,,,,,
쉐보레(GM대우),토스카,토스카,쉐보레(GM대우),토스카,토스카,토스카,,T,,,
,,,,,,,,,,,
쉐보레(GM대우),트래버스,트래버스,쉐보레(GM대우),트래버스,트래버스,트래버스,,T,,,
,,,,,,,,,,,
쉐보레(GM대우),트랙스,더 뉴 트랙스,쉐보레(GM대우),트랙스,더 뉴 트랙스,더 뉴 트랙스,,T,,,
,,,,,,,,,,,
쉐보레(GM대우),트랙스,트랙스,쉐보레(GM대우),트랙스,트랙스,트랙스,,T,,,
,,,,,,,,,,,
쉐보레(GM대우),트레일블레이저,트레일블레이저,쉐보레(GM대우),트레일블레이저,트레일블레이저,트레일블레이저,,T,,,
,,,,,,,,,,,
르노삼성,SM3,SM3 네오,르노삼성,SM3,SM3 네오,SM3 네오,,T,,,
,,,,,,,,,,,
르노삼성,SM3,SM3 Z.E,르노삼성,SM3,SM3 Z.E.,SM3 Z.E.,,F,,,
,,,,,,,,,,,
르노삼성,SM3,뉴SM3,르노삼성,SM3,뉴SM3,뉴SM3,,T,,,
,,,,,,,,,,,
르노삼성,SM3,SM3 뉴 제너레이션,르노삼성,SM3,SM3 뉴 제너레이션,SM3 뉴 제너레이션,,T,,,
,,,,,,,,,,,
르노삼성,SM3,SM3,르노삼성,SM3,SM3,SM3,,T,,,
,,,,,,,,,,,
르노삼성,SM5,SM5 노바,르노삼성,SM5,SM5 노바,SM5 노바,,T,,,
,,,,,,,,,,,
르노삼성,SM5,뉴SM5 플래티넘,르노삼성,SM5,뉴SM5 플래티넘,뉴SM5 플래티넘,,T,,,
,,,,,,,,,,,
르노삼성,SM5,뉴SM5(신형),르노삼성,SM5,뉴SM5(신형),뉴SM5(신형),,T,,,
,,,,,,,,,,,
르노삼성,SM5,SM5 뉴 임프레션,르노삼성,SM5,SM5 뉴 임프레션,SM5 뉴 임프레션,,T,,,
,,,,,,,,,,,
르노삼성,SM5,뉴SM5,르노삼성,SM5,뉴SM5,뉴SM5,,T,,,
,,,,,,,,,,,
르노삼성,SM5,SM5,르노삼성,SM5,SM5,SM5,,T,,,
,,,,,,,,,,,
르노삼성,SM6,더 뉴 SM6,르노삼성,SM6,더 뉴 SM6,더 뉴 SM6,,T,,,
,,,,,,,,,,,
르노삼성,SM6,SM6,르노삼성,SM6,SM6,SM6,,T,,,
,,,,,,,,,,,
르노삼성,SM7,SM7 노바,르노삼성,SM7,SM7 노바,SM7 노바,,T,,,
,,,,,,,,,,,
르노삼성,SM7,All New SM7,르노삼성,SM7,All New SM7,All New SM7,,T,,,
,,,,,,,,,,,
르노삼성,SM7,SM7 New Art,르노삼성,SM7,SM7 New Art,SM7 New Art,,T,,,
,,,,,,,,,,,
르노삼성,SM7,SM7,르노삼성,SM7,SM7,SM7,,T,,,
,,,,,,,,,,,
르노삼성,QM3,뉴QM3,르노삼성,QM3,뉴QM3,뉴QM3,,T,,,
,,,,,,,,,,,
르노삼성,QM3,QM3,르노삼성,QM3,QM3,QM3,,T,,,
,,,,,,,,,,,
르노삼성,QM5,QM5 네오,르노삼성,QM5,QM5 네오,QM5 네오,,T,,,
,,,,,,,,,,,
르노삼성,QM5,뉴QM5,르노삼성,QM5,뉴QM5,뉴QM5,,T,,,
,,,,,,,,,,,
르노삼성,QM5,QM5,르노삼성,QM5,QM5,QM5,,T,,,
,,,,,,,,,,,
르노삼성,QM6,뉴 QM6,르노삼성,QM6,뉴 QM6,뉴 QM6,,T,,,
,,,,,,,,,,,
르노삼성,QM6,더 뉴 QM6,르노삼성,QM6,더 뉴 QM6,더 뉴 QM6,,T,,,
,,,,,,,,,,,
르노삼성,QM6,QM6,르노삼성,QM6,QM6,QM6,,T,,,
,,,,,,,,,,,
르노삼성,XM3,XM3,르노삼성,XM3,XM3,XM3,,T,,,
,,,,,,,,,,,
르노삼성,마스터,뉴 마스터,르노삼성,마스터,뉴 마스터,뉴 마스터,,T,,,
,,,,,,,,,,,
르노삼성,마스터,마스터,르노삼성,마스터,마스터,마스터,,T,,,
,,,,,,,,,,,
르노삼성,조에,조에,르노삼성,조에,조에,조에,,T,,,
,,,,,,,,,,,
르노삼성,캡처,캡처,르노삼성,캡처,캡처,캡처,,T,,,
,,,,,,,,,,,
르노삼성,클리오,클리오,르노삼성,클리오,클리오,클리오,,T,,,
,,,,,,,,,,,
르노삼성,트위지,트위지,르노삼성,트위지,트위지,트위지,,T,,,
,,,,,,,,,,,
쌍용,렉스턴,더 뉴 렉스턴 스포츠,쌍용,렉스턴,더 뉴 렉스턴 스포츠,더 뉴 렉스턴 스포츠,,T,,,
,,,,,,,,,,,
쌍용,렉스턴,더 뉴 렉스턴 스포츠 칸,쌍용,렉스턴,더 뉴 렉스턴 스포츠 칸,더 뉴 렉스턴 스포츠 칸,,T,,,
,,,,,,,,,,,
쌍용,렉스턴,올 뉴 렉스턴,쌍용,렉스턴,올 뉴 렉스턴,올 뉴 렉스턴,,T,,,
,,,,,,,,,,,
쌍용,렉스턴,렉스턴 스포츠 칸,쌍용,렉스턴,렉스턴 스포츠 칸,렉스턴 스포츠 칸,,T,,,
,,,,,,,,,,,
쌍용,렉스턴,렉스턴 스포츠,쌍용,렉스턴,렉스턴 스포츠,렉스턴 스포츠,,T,,,
,,,,,,,,,,,
쌍용,렉스턴,G4 렉스턴,쌍용,렉스턴,G4 렉스턴,G4 렉스턴,,T,,,
,,,,,,,,,,,
쌍용,렉스턴,렉스턴 W,쌍용,렉스턴,렉스턴 W,렉스턴 W,,T,,,
,,,,,,,,,,,
쌍용,렉스턴,슈퍼 렉스턴,쌍용,렉스턴,슈퍼 렉스턴,슈퍼 렉스턴,,T,,,
,,,,,,,,,,,
쌍용,렉스턴,렉스턴 II,쌍용,렉스턴,렉스턴2,렉스턴 W,,F,렉스턴2,,
,,,,,,,,,,,
쌍용,렉스턴,뉴렉스턴,쌍용,렉스턴,뉴렉스턴,뉴렉스턴,,T,,,
,,,,,,,,,,,
쌍용,렉스턴,렉스턴,쌍용,렉스턴,렉스턴,렉스턴,,T,,,
,,,,,,,,,,,
쌍용,로디우스,로디우스 유로,쌍용,로디우스,로디우스 유로,로디우스 유로,,T,,,
,,,,,,,,,,,
쌍용,로디우스,뉴로디우스,쌍용,로디우스,뉴로디우스,뉴로디우스,,T,,,
,,,,,,,,,,,
쌍용,로디우스,로디우스,쌍용,로디우스,로디우스,로디우스,,T,,,
,,,,,,,,,,,
쌍용,액티언,액티언 스포츠,쌍용,액티언,액티언 스포츠,액티언 스포츠,,T,,,
,,,,,,,,,,,
쌍용,액티언,액티언,쌍용,액티언,액티언,액티언,,T,,,
,,,,,,,,,,,
쌍용,체어맨,체어맨 H 뉴 클래식,쌍용,체어맨,체어맨 H 뉴 클래식,체어맨 H 뉴 클래식,,T,,,
,,,,,,,,,,,
쌍용,체어맨,뉴체어맨 W,쌍용,체어맨,뉴체어맨 W,뉴체어맨 W,,T,,,
,,,,,,,,,,,
쌍용,체어맨,체어맨 W,쌍용,체어맨,체어맨 W,체어맨 W,,T,,,
,,,,,,,,,,,
쌍용,체어맨,체어맨 H,쌍용,체어맨,체어맨 H,체어맨 H,,T,,,
,,,,,,,,,,,
쌍용,체어맨,뉴체어맨,쌍용,체어맨,뉴체어맨,뉴체어맨,,T,,,
,,,,,,,,,,,
쌍용,카이런,뉴카이런,쌍용,카이런,뉴카이런,뉴카이런,,T,,,
,,,,,,,,,,,
쌍용,카이런,카이런,쌍용,카이런,카이런,카이런,,T,,,
,,,,,,,,,,,
쌍용,코란도,뷰티풀 코란도,쌍용,코란도,뷰티풀 코란도,뷰티풀 코란도,,T,,,
,,,,,,,,,,,
쌍용,코란도,뉴 스타일 코란도 C,쌍용,코란도,뉴 스타일 코란도 C,뉴 스타일 코란도 C,,T,,,
,,,,,,,,,,,
쌍용,코란도,더 뉴 코란도 스포츠,쌍용,코란도,더 뉴 코란도 스포츠,더 뉴 코란도 스포츠,,T,,,
,,,,,,,,,,,
쌍용,코란도,뉴코란도 C,쌍용,코란도,뉴코란도 C,뉴코란도 C,,T,,,
,,,,,,,,,,,
쌍용,코란도,코란도 투리스모,쌍용,코란도,코란도 투리스모,코란도 투리스모,,T,,,
,,,,,,,,,,,
쌍용,코란도,코란도 스포츠,쌍용,코란도,코란도 스포츠,코란도 스포츠,,T,,,
,,,,,,,,,,,
쌍용,코란도,코란도 C,쌍용,코란도,코란도 C,코란도 C,,T,,,
,,,,,,,,,,,
쌍용,티볼리,베리 뉴 티볼리,쌍용,티볼리,베리 뉴 티볼리,베리 뉴 티볼리,,T,,,
,,,,,,,,,,,
쌍용,티볼리,티볼리 아머,쌍용,티볼리,티볼리 아머,티볼리 아머,,T,,,
,,,,,,,,,,,
쌍용,티볼리,티볼리 에어,쌍용,티볼리,티볼리 에어,티볼리 에어,,T,,,
,,,,,,,,,,,
쌍용,티볼리,티볼리,쌍용,티볼리,티볼리,티볼리,,T,,,
,,,,,,,,,,,
,,,,,,,,,,,
,,,,,,,,,,,
,,,,,,,,,,,
,,,,,,,,,,,
,,,,,,,,,,,
,,,,,,,,,,,
,,,,,,,,,,,
,,,,,,,,,,,
,,,,,,,,,,,
,,,,,,,,,,,
,,,,,,,,,,,
,,,,,,,,,,,
,,,,,,,,,,,
,,,,,,,,,,,
,,,,,,,,,,,
,,,,,,,,,,,
,,,,,,,,,,,
,,,,,,,,,,,
,,,,,,,,,,,
,,,,,,,,,,,
,,,,,,,,,,,
,,,,,,,,,,,
,,,,,,,,,,,
,,,,,,,,,,,
,,,,,,,,,,,
,,,,,,,,,,,
,,,,,,,,,,,
,,,,,,,,,,,
,,,,,,,,,,,
,,,,,,,,,,,
,,,,,,,,,,,
,,,,,,,,,,,
,,,,,,,,,,,
,,,,,,,,,,,
,,,,,,,,,,,
,,,,,,,,,,,
,,,,,,,,,,,
,,,,,,,,,,,
,,,,,,,,,,,
,,,,,,,,,,,
,,,,,,,,,,,
,,,,,,,,,,,
,,,,,,,,,,,
,,,,,,,,,,,
,,,,,,,,,,,
,,,,,,,,,,,
,,,,,,,,,,,
,,,,,,,,,,,
,,,,,,,,,,,
,,,,,,,,,,,
,,,,,,,,,,,
,,,,,,,,,,,
,,,,,,,,,,,
,,,,,,,,,,,
,,,,,,,,,,,
,,,,,,,,,,,
,,,,,,,,,,,
,,,,,,,,,,,
,,,,,,,,,,,
,,,,,,,,,,,
,,,,,,,,,,,
,,,,,,,,,,,
,,,,,,,,,,,
,,,,,,,,,,,
,,,,,,,,,,,
,,,,,,,,,,,
,,,,,,,,,,,
,,,,,,,,,,,
,,,,,,,,,,,
,,,,,,,,,,,
,,,,,,,,,,,
,,,,,,,,,,,
,,,,,,,,,,,
,,,,,,,,,,,
,,,,,,,,,,,
,,,,,,,,,,,
,,,,,,,,,,,
,,,,,,,,,,,
,,,,,,,,,,,
,,,,,,,,,,,
,,,,,,,,,,,
,,,,,,,,,,,
,,,,,,,,,,,
,,,,,,,,,,,
,,,,,,,,,,,
,,,,,,,,,,,
,,,,,,,,,,,
,,,,,,,,,,,
,,,,,,,,,,,
,,,,,,,,,,,
,,,,,,,,,,,
,,,,,,,,,,,
,,,,,,,,,,,
,,,,,,,,,,,
,,,,,,,,,,,
,,,,,,,,,,,
,,,,,,,,,,,
,,,,,,,,,,,
,,,,,,,,,,,
,,,,,,,,,,,
,,,,,,,,,,,
,,,,,,,,,,,
,,,,,,,,,,,
,,,,,,,,,,,
,,,,,,,,,,,
,,,,,,,,,,,
,,,,,,,,,,,
,,,,,,,,,,,
,,,,,,,,,,,
,,,,,,,,,,,
,,,,,,,,,,,
,,,,,,,,,,,
,,,,,,,,,,,
,,,,,,,,,,,
,,,,,,,,,,,
,,,,,,,,,,,
,,,,,,,,,,,
,,,,,,,,,,,
,,,,,,,,,,,
,,,,,,,,,,,
,,,,,,,,,,,
,,,,,,,,,,,
,,,,,,,,,,,
,,,,,,,,,,,
,,,,,,,,,,,
,,,,,,,,,,,
,,,,,,,,,,,
,,,,,,,,,,,
,,,,,,,,,,,
,,,,,,,,,,,
,,,,,,,,,,,
,,,,,,,,,,,
,,,,,,,,,,,
,,,,,,,,,,,
,,,,,,,,,,,
,,,,,,,,,,,
,,,,,,,,,,,
,,,,,,,,,,,
,,,,,,,,,,,
,,,,,,,,,,,
,,,,,,,,,,,
,,,,,,,,,,,
,,,,,,,,,,,
,,,,,,,,,,,
,,,,,,,,,,,
,,,,,,,,,,,
,,,,,,,,,,,
,,,,,,,,,,,
,,,,,,,,,,,
,,,,,,,,,,,
,,,,,,,,,,,
,,,,,,,,,,,
,,,,,,,,,,,
,,,,,,,,,,,
,,,,,,,,,,,
,,,,,,,,,,,
,,,,,,,,,,,
,,,,,,,,,,,
,,,,,,,,,,,
,,,,,,,,,,,
,,,,,,,,,,,
,,,,,,,,,,,
,,,,,,,,,,,
,,,,,,,,,,,
,,,,,,,,,,,
,,,,,,,,,,,
,,,,,,,,,,,
,,,,,,,,,,,
,,,,,,,,,,,
,,,,,,,,,,,
,,,,,,,,,,,
,,,,,,,,,,,
,,,,,,,,,,,
,,,,,,,,,,,
,,,,,,,,,,,
,,,,,,,,,,,
,,,,,,,,,,,
,,,,,,,,,,,
,,,,,,,,,,,
,,,,,,,,,,,
,,,,,,,,,,,
,,,,,,,,,,,
,,,,,,,,,,,
,,,,,,,,,,,
,,,,,,,,,,,
,,,,,,,,,,,
,,,,,,,,,,,
,,,,,,,,,,,
,,,,,,,,,,,
,,,,,,,,,,,
,,,,,,,,,,,
,,,,,,,,,,,
,,,,,,,,,,,
,,,,,,,,,,,
,,,,,,,,,,,
,,,,,,,,,,,
,,,,,,,,,,,
,,,,,,,,,,,
,,,,,,,,,,,
,,,,,,,,,,,
,,,,,,,,,,,
,,,,,,,,,,,
,,,,,,,,,,,
,,,,,,,,,,,
,,,,,,,,,,,
,,,,,,,,,,,
,,,,,,,,,,,
,,,,,,,,,,,
,,,,,,,,,,,
,,,,,,,,,,,
,,,,,,,,,,,
,,,,,,,,,,,
,,,,,,,,,,,
,,,,,,,,,,,
,,,,,,,,,,,
,,,,,,,,,,,
,,,,,,,,,,,
,,,,,,,,,,,
,,,,,,,,,,,
,,,,,,,,,,,
,,,,,,,,,,,
,,,,,,,,,,,
,,,,,,,,,,,
,,,,,,,,,,,
,,,,,,,,,,,
,,,,,,,,,,,
,,,,,,,,,,,
,,,,,,,,,,,
,,,,,,,,,,,
,,,,,,,,,,,
,,,,,,,,,,,
,,,,,,,,,,,
,,,,,,,,,,,
,,,,,,,,,,,
,,,,,,,,,,,
,,,,,,,,,,,
,,,,,,,,,,,
,,,,,,,,,,,
,,,,,,,,,,,
,,,,,,,,,,,
